min_range,max_range
0.00392156862745098,9.99944699804928
